smid,addr_mb,cycles,group
0,0,294.19,far
1,0,294.20,far
2,0,288.88,far
3,0,288.91,far
4,0,291.03,far
5,0,291.00,far
6,0,292.77,far
7,0,292.77,far
8,0,268.32,near
9,0,268.33,near
10,0,263.99,near
11,0,263.96,near
12,0,268.38,near
13,0,268.35,near
14,0,263.69,near
15,0,263.70,near
16,0,297.27,far
17,0,297.28,far
18,0,297.23,far
19,0,297.30,far
20,0,299.73,far
21,0,299.69,far
22,0,300.27,far
23,0,300.31,far
24,0,276.78,near
25,0,276.76,near
26,0,260.81,near
27,0,260.80,near
28,0,275.61,near
29,0,275.62,near
30,0,261.65,near
31,0,261.64,near
32,0,308.46,far
33,0,308.47,far
34,0,303.39,far
35,0,303.36,far
36,0,307.34,far
37,0,307.31,far
38,0,308.20,far
39,0,308.22,far
40,0,281.29,far
41,0,281.28,far
42,0,265.77,near
43,0,265.77,near
44,0,286.28,far
45,0,286.27,far
46,0,270.77,near
47,0,270.75,near
48,0,288.16,far
49,0,288.19,far
50,0,283.86,far
51,0,283.96,far
52,0,285.99,far
53,0,286.02,far
54,0,287.75,far
55,0,287.75,far
56,0,263.35,near
57,0,263.36,near
58,0,258.99,near
59,0,258.95,near
60,0,263.34,near
61,0,263.36,near
62,0,258.70,near
63,0,258.71,near
64,0,292.28,far
65,0,292.25,far
66,0,294.73,far
67,0,294.73,far
68,0,295.29,far
69,0,295.34,far
70,0,271.78,near
71,0,271.75,near
72,0,255.77,near
73,0,255.78,near
74,0,270.60,near
75,0,270.58,near
76,0,256.69,near
77,0,256.67,near
78,0,297.42,far
79,0,297.46,far
80,0,301.37,far
81,0,301.38,far
82,0,302.26,far
83,0,302.23,far
84,0,275.30,near
85,0,275.27,near
86,0,259.76,near
87,0,259.76,near
88,0,281.25,far
89,0,281.27,far
90,0,265.78,near
91,0,265.77,near
92,0,278.94,far
93,0,278.86,far
94,0,281.04,far
95,0,281.04,far
96,0,282.77,far
97,0,282.75,far
98,0,258.36,near
99,0,258.36,near
100,0,253.99,near
101,0,253.99,near
102,0,258.35,near
103,0,258.38,near
104,0,253.69,near
105,0,253.70,near
106,0,287.27,far
107,0,287.28,far
108,0,289.73,far
109,0,289.75,far
110,0,290.31,far
111,0,290.33,far
112,0,266.76,near
113,0,266.76,near
114,0,250.80,near
115,0,250.80,near
116,0,265.61,near
117,0,265.61,near
118,0,251.66,near
119,0,251.66,near
120,0,275.25,near
121,0,275.26,near
122,0,259.76,near
123,0,259.79,near
124,0,287.27,far
125,0,287.25,far
126,0,303.43,far
127,0,303.48,far
128,0,283.19,far
129,0,283.20,far
130,0,298.44,far
131,0,298.48,far
0,8,292.30,far
1,8,292.29,far
2,8,287.29,far
3,8,287.28,far
4,8,290.85,far
5,8,290.91,far
6,8,292.93,far
7,8,292.94,far
8,8,265.42,near
9,8,265.42,near
10,8,264.88,near
11,8,264.90,near
12,8,265.70,near
13,8,265.73,near
14,8,264.88,near
15,8,264.88,near
16,8,296.84,far
17,8,296.83,far
18,8,296.03,far
19,8,295.99,far
20,8,299.28,far
21,8,299.29,far
22,8,298.97,far
23,8,298.97,far
24,8,263.39,near
25,8,263.42,near
26,8,272.11,near
27,8,272.12,near
28,8,262.52,near
29,8,262.49,near
30,8,273.28,near
31,8,273.31,near
32,8,309.75,far
33,8,309.76,far
34,8,303.55,far
35,8,303.62,far
36,8,305.48,far
37,8,305.50,far
38,8,305.18,far
39,8,305.20,far
40,8,267.53,near
41,8,267.52,near
42,8,277.81,near
43,8,277.80,near
44,8,272.53,near
45,8,272.50,near
46,8,282.80,far
47,8,282.77,far
48,8,286.29,far
49,8,286.31,far
50,8,282.24,far
51,8,282.30,far
52,8,285.84,far
53,8,285.90,far
54,8,287.90,far
55,8,287.93,far
56,8,260.41,near
57,8,260.39,near
58,8,259.89,near
59,8,259.85,near
60,8,260.73,near
61,8,260.75,near
62,8,259.88,near
63,8,259.87,near
64,8,291.04,far
65,8,291.02,far
66,8,294.28,far
67,8,294.32,far
68,8,294.00,far
69,8,293.98,far
70,8,258.41,near
71,8,258.40,near
72,8,267.14,near
73,8,267.14,near
74,8,257.52,near
75,8,257.54,near
76,8,268.32,near
77,8,268.30,near
78,8,297.60,far
79,8,297.52,far
80,8,299.49,far
81,8,299.48,far
82,8,299.21,far
83,8,299.22,far
84,8,261.51,near
85,8,261.52,near
86,8,271.79,near
87,8,271.81,near
88,8,267.51,near
89,8,267.52,near
90,8,277.79,near
91,8,277.80,near
92,8,277.29,near
93,8,277.32,near
94,8,280.88,far
95,8,280.88,far
96,8,282.89,far
97,8,282.91,far
98,8,255.44,near
99,8,255.42,near
100,8,254.86,near
101,8,254.84,near
102,8,255.73,near
103,8,255.73,near
104,8,254.90,near
105,8,254.88,near
106,8,285.98,far
107,8,285.94,far
108,8,289.32,far
109,8,289.28,far
110,8,288.99,far
111,8,289.00,far
112,8,253.40,near
113,8,253.41,near
114,8,262.13,near
115,8,262.14,near
116,8,252.48,near
117,8,252.54,near
118,8,263.28,near
119,8,263.30,near
120,8,261.51,near
121,8,261.51,near
122,8,271.81,near
123,8,271.80,near
124,8,286.85,far
125,8,286.80,far
126,8,304.74,far
127,8,304.74,far
128,8,281.31,far
129,8,281.33,far
130,8,299.73,far
131,8,299.74,far
0,16,267.29,near
1,16,267.28,near
2,16,264.37,near
3,16,264.39,near
4,16,267.75,near
5,16,267.79,near
6,16,267.76,near
7,16,267.76,near
8,16,292.19,far
9,16,292.19,far
10,16,289.74,far
11,16,289.72,far
12,16,290.43,far
13,16,290.44,far
14,16,291.81,far
15,16,291.78,far
16,16,262.26,near
17,16,262.28,near
18,16,261.17,near
19,16,261.21,near
20,16,275.03,near
21,16,275.02,near
22,16,276.20,near
23,16,276.19,near
24,16,299.75,far
25,16,299.70,far
26,16,298.15,far
27,16,298.16,far
28,16,299.10,far
29,16,299.14,far
30,16,297.88,far
31,16,297.91,far
32,16,271.43,near
33,16,271.42,near
34,16,266.16,near
35,16,266.22,near
36,16,280.72,far
37,16,280.69,far
38,16,280.69,far
39,16,280.73,far
40,16,307.66,far
41,16,307.65,far
42,16,304.39,far
43,16,304.39,far
44,16,311.76,far
45,16,311.75,far
46,16,309.10,far
47,16,309.07,far
48,16,261.29,near
49,16,261.26,near
50,16,259.34,near
51,16,259.33,near
52,16,262.76,near
53,16,262.76,near
54,16,262.75,near
55,16,262.75,near
56,16,287.18,far
57,16,287.19,far
58,16,284.76,far
59,16,284.73,far
60,16,285.42,far
61,16,285.41,far
62,16,286.78,far
63,16,286.77,far
64,16,256.13,near
65,16,256.16,near
66,16,270.01,near
67,16,270.03,near
68,16,271.17,near
69,16,271.16,near
70,16,294.73,far
71,16,294.71,far
72,16,293.16,far
73,16,293.16,far
74,16,294.13,far
75,16,294.14,far
76,16,292.85,far
77,16,292.88,far
78,16,260.20,near
79,16,260.14,near
80,16,274.69,near
81,16,274.68,near
82,16,274.70,near
83,16,274.69,near
84,16,301.62,far
85,16,301.60,far
86,16,298.40,far
87,16,298.38,far
88,16,306.79,far
89,16,306.77,far
90,16,304.11,far
91,16,304.06,far
92,16,254.26,near
93,16,254.33,near
94,16,257.77,near
95,16,257.76,near
96,16,257.76,near
97,16,257.72,near
98,16,282.18,far
99,16,282.18,far
100,16,279.71,near
101,16,279.74,near
102,16,280.45,far
103,16,280.43,far
104,16,281.79,far
105,16,281.77,far
106,16,251.16,near
107,16,251.13,near
108,16,265.01,near
109,16,265.00,near
110,16,266.16,near
111,16,266.14,near
112,16,289.76,far
113,16,289.74,far
114,16,288.17,far
115,16,288.17,far
116,16,289.12,far
117,16,289.14,far
118,16,287.87,far
119,16,287.87,far
120,16,300.77,far
121,16,300.77,far
122,16,298.11,far
123,16,298.07,far
124,16,252.24,near
125,16,252.26,near
126,16,266.41,near
127,16,266.40,near
128,16,256.28,near
129,16,256.29,near
130,16,261.40,near
131,16,261.41,near
0,24,273.67,near
1,24,273.66,near
2,24,270.68,near
3,24,270.68,near
4,24,261.37,near
5,24,261.36,near
6,24,261.37,near
7,24,261.40,near
8,24,285.81,far
9,24,285.81,far
10,24,296.14,far
11,24,296.13,far
12,24,284.04,far
13,24,284.01,far
14,24,298.14,far
15,24,298.17,far
16,24,268.66,near
17,24,268.64,near
18,24,267.48,near
19,24,267.49,near
20,24,268.63,near
21,24,268.62,near
22,24,269.80,near
23,24,269.80,near
24,24,293.36,far
25,24,293.36,far
26,24,304.58,far
27,24,304.55,far
28,24,292.74,far
29,24,292.75,far
30,24,304.27,far
31,24,304.28,far
32,24,277.81,near
33,24,277.81,near
34,24,272.56,near
35,24,272.59,near
36,24,274.32,near
37,24,274.32,near
38,24,274.35,near
39,24,274.33,near
40,24,301.27,far
41,24,301.31,far
42,24,310.78,far
43,24,310.80,far
44,24,305.40,far
45,24,305.38,far
46,24,315.50,far
47,24,315.49,far
48,24,267.70,near
49,24,267.69,near
50,24,265.70,near
51,24,265.71,near
52,24,256.37,near
53,24,256.39,near
54,24,256.36,near
55,24,256.38,near
56,24,280.78,near
57,24,280.80,near
58,24,291.14,far
59,24,291.15,far
60,24,279.05,near
61,24,279.06,near
62,24,293.16,far
63,24,293.18,far
64,24,262.51,near
65,24,262.57,near
66,24,263.66,near
67,24,263.62,near
68,24,264.81,near
69,24,264.80,near
70,24,288.35,far
71,24,288.37,far
72,24,299.55,far
73,24,299.60,far
74,24,287.78,far
75,24,287.80,far
76,24,299.30,far
77,24,299.30,far
78,24,266.57,near
79,24,266.57,near
80,24,268.36,near
81,24,268.34,near
82,24,268.37,near
83,24,268.35,near
84,24,295.35,far
85,24,295.29,far
86,24,304.82,far
87,24,304.84,far
88,24,300.43,far
89,24,300.43,far
90,24,310.56,far
91,24,310.51,far
92,24,260.80,near
93,24,260.80,near
94,24,251.39,near
95,24,251.41,near
96,24,251.40,near
97,24,251.37,near
98,24,275.82,near
99,24,275.82,near
100,24,286.19,far
101,24,286.14,far
102,24,274.08,near
103,24,274.07,near
104,24,288.16,far
105,24,288.19,far
106,24,257.54,near
107,24,257.49,near
108,24,258.64,near
109,24,258.64,near
110,24,259.82,near
111,24,259.79,near
112,24,283.35,far
113,24,283.35,far
114,24,294.52,far
115,24,294.56,far
116,24,282.75,far
117,24,282.75,far
118,24,294.26,far
119,24,294.29,far
120,24,294.40,far
121,24,294.38,far
122,24,304.48,far
123,24,304.46,far
124,24,258.64,near
125,24,258.65,near
126,24,272.81,near
127,24,272.82,near
128,24,262.72,near
129,24,262.69,near
130,24,267.84,near
131,24,267.83,near
0,32,275.42,near
1,32,275.43,near
2,32,272.51,near
3,32,272.51,near
4,32,257.89,near
5,32,257.91,near
6,32,257.89,near
7,32,257.90,near
8,32,282.34,far
9,32,282.35,far
10,32,297.88,far
11,32,297.89,far
12,32,280.59,near
13,32,280.59,near
14,32,299.92,far
15,32,299.91,far
16,32,270.38,near
17,32,270.40,near
18,32,269.25,near
19,32,269.20,near
20,32,265.18,near
21,32,265.16,near
22,32,266.33,near
23,32,266.33,near
24,32,289.87,far
25,32,289.86,far
26,32,306.29,far
27,32,306.30,far
28,32,289.28,far
29,32,289.28,far
30,32,306.02,far
31,32,306.00,far
32,32,279.55,near
33,32,279.57,near
34,32,274.24,near
35,32,274.32,near
36,32,270.87,near
37,32,270.87,near
38,32,270.85,near
39,32,270.88,near
40,32,297.88,far
41,32,297.83,far
42,32,312.55,far
43,32,312.54,far
44,32,301.93,far
45,32,301.95,far
46,32,317.25,far
47,32,317.26,far
48,32,269.46,near
49,32,269.42,near
50,32,267.49,near
51,32,267.41,near
52,32,252.92,near
53,32,252.92,near
54,32,252.92,near
55,32,252.93,near
56,32,277.34,near
57,32,277.34,near
58,32,292.86,far
59,32,292.88,far
60,32,275.58,near
61,32,275.60,near
62,32,294.93,far
63,32,294.91,far
64,32,264.30,near
65,32,264.27,near
66,32,260.19,near
67,32,260.17,near
68,32,261.34,near
69,32,261.34,near
70,32,284.86,far
71,32,284.89,far
72,32,301.29,far
73,32,301.35,far
74,32,284.32,far
75,32,284.29,far
76,32,301.06,far
77,32,301.00,far
78,32,268.28,near
79,32,268.28,near
80,32,264.87,near
81,32,264.87,near
82,32,264.87,near
83,32,264.89,near
84,32,291.86,far
85,32,291.82,far
86,32,306.58,far
87,32,306.57,far
88,32,296.95,far
89,32,296.98,far
90,32,312.23,far
91,32,312.26,far
92,32,262.46,near
93,32,262.49,near
94,32,247.91,near
95,32,247.90,near
96,32,247.92,near
97,32,247.87,near
98,32,272.34,near
99,32,272.35,near
100,32,287.88,far
101,32,287.88,far
102,32,270.58,near
103,32,270.58,near
104,32,289.92,far
105,32,289.92,far
106,32,259.26,near
107,32,259.26,near
108,32,255.18,near
109,32,255.16,near
110,32,256.31,near
111,32,256.31,near
112,32,279.87,near
113,32,279.89,near
114,32,296.28,far
115,32,296.29,far
116,32,279.29,near
117,32,279.27,near
118,32,296.02,far
119,32,295.97,far
120,32,290.90,far
121,32,290.92,far
122,32,306.24,far
123,32,306.22,far
124,32,260.40,near
125,32,260.39,near
126,32,274.56,near
127,32,274.55,near
128,32,264.44,near
129,32,264.42,near
130,32,269.55,near
131,32,269.56,near
0,40,288.27,far
1,40,288.24,far
2,40,283.25,far
3,40,283.23,far
4,40,296.69,far
5,40,296.66,far
6,40,298.72,far
7,40,298.74,far
8,40,271.25,near
9,40,271.22,near
10,40,260.81,near
11,40,260.81,near
12,40,271.54,near
13,40,271.56,near
14,40,260.85,near
15,40,260.87,near
16,40,292.75,far
17,40,292.80,far
18,40,291.93,far
19,40,291.97,far
20,40,305.15,far
21,40,305.12,far
22,40,304.79,far
23,40,304.79,far
24,40,269.21,near
25,40,269.21,near
26,40,268.08,near
27,40,268.04,near
28,40,268.32,near
29,40,268.32,near
30,40,269.22,near
31,40,269.25,near
32,40,305.68,far
33,40,305.65,far
34,40,299.50,far
35,40,299.49,far
36,40,311.27,far
37,40,311.24,far
38,40,311.02,far
39,40,310.99,far
40,40,273.32,near
41,40,273.33,near
42,40,273.76,near
43,40,273.75,near
44,40,278.34,near
45,40,278.33,near
46,40,278.73,near
47,40,278.76,near
48,40,282.23,far
49,40,282.25,far
50,40,278.19,near
51,40,278.20,near
52,40,291.70,far
53,40,291.67,far
54,40,293.73,far
55,40,293.68,far
56,40,266.22,near
57,40,266.22,near
58,40,255.80,near
59,40,255.80,near
60,40,266.49,near
61,40,266.54,near
62,40,255.79,near
63,40,255.85,near
64,40,286.91,far
65,40,286.92,far
66,40,300.10,far
67,40,300.10,far
68,40,299.83,far
69,40,299.85,far
70,40,264.21,near
71,40,264.23,near
72,40,263.11,near
73,40,263.08,near
74,40,263.35,near
75,40,263.34,near
76,40,264.22,near
77,40,264.26,near
78,40,293.48,far
79,40,293.44,far
80,40,305.31,far
81,40,305.30,far
82,40,305.05,far
83,40,305.01,far
84,40,267.33,near
85,40,267.33,near
86,40,267.76,near
87,40,267.77,near
88,40,273.28,near
89,40,273.29,near
90,40,273.79,near
91,40,273.76,near
92,40,273.26,near
93,40,273.24,near
94,40,286.71,far
95,40,286.71,far
96,40,288.75,far
97,40,288.75,far
98,40,261.23,near
99,40,261.22,near
100,40,250.82,near
101,40,250.81,near
102,40,261.53,near
103,40,261.56,near
104,40,250.82,near
105,40,250.83,near
106,40,281.98,far
107,40,281.98,far
108,40,295.09,far
109,40,295.11,far
110,40,294.83,far
111,40,294.82,far
112,40,259.23,near
113,40,259.21,near
114,40,258.11,near
115,40,258.11,near
116,40,258.34,near
117,40,258.32,near
118,40,259.25,near
119,40,259.25,near
120,40,267.33,near
121,40,267.35,near
122,40,267.77,near
123,40,267.73,near
124,40,282.79,far
125,40,282.77,far
126,40,300.71,far
127,40,300.70,far
128,40,277.26,near
129,40,277.26,near
130,40,295.70,far
131,40,295.71,far
0,48,301.13,far
1,48,301.15,far
2,48,295.83,far
3,48,295.82,far
4,48,293.95,far
5,48,293.93,far
6,48,295.68,far
7,48,295.68,far
8,48,271.26,near
9,48,271.26,near
10,48,270.95,near
11,48,270.97,near
12,48,271.25,near
13,48,271.27,near
14,48,270.67,near
15,48,270.67,near
16,48,304.22,far
17,48,304.28,far
18,48,304.22,far
19,48,304.16,far
20,48,302.64,far
21,48,302.67,far
22,48,303.20,far
23,48,303.22,far
24,48,279.69,near
25,48,279.67,near
26,48,267.79,near
27,48,267.77,near
28,48,278.52,near
29,48,278.52,near
30,48,268.63,near
31,48,268.65,near
32,48,315.44,far
33,48,315.46,far
34,48,310.40,far
35,48,310.38,far
36,48,310.28,far
37,48,310.28,far
38,48,311.11,far
39,48,311.13,far
40,48,284.20,near
41,48,284.19,near
42,48,272.74,near
43,48,272.76,near
44,48,289.17,far
45,48,289.21,far
46,48,277.76,near
47,48,277.75,near
48,48,295.18,far
49,48,295.15,far
50,48,290.90,far
51,48,290.86,far
52,48,288.90,far
53,48,288.90,far
54,48,290.67,far
55,48,290.70,far
56,48,266.28,near
57,48,266.26,near
58,48,265.97,near
59,48,265.97,near
60,48,266.30,near
61,48,266.28,near
62,48,265.68,near
63,48,265.65,near
64,48,299.21,far
65,48,299.27,far
66,48,297.62,far
67,48,297.66,far
68,48,298.25,far
69,48,298.23,far
70,48,274.71,near
71,48,274.71,near
72,48,262.77,near
73,48,262.76,near
74,48,273.55,near
75,48,273.55,near
76,48,263.67,near
77,48,263.67,near
78,48,304.43,far
79,48,304.42,far
80,48,304.28,far
81,48,304.27,far
82,48,305.13,far
83,48,305.17,far
84,48,278.20,near
85,48,278.20,near
86,48,266.76,near
87,48,266.75,near
88,48,284.27,near
89,48,284.20,near
90,48,272.73,near
91,48,272.74,near
92,48,285.82,far
93,48,285.79,far
94,48,283.94,near
95,48,283.93,near
96,48,285.69,far
97,48,285.68,far
98,48,261.28,near
99,48,261.27,near
100,48,260.96,near
101,48,260.97,near
102,48,261.28,near
103,48,261.28,near
104,48,260.68,near
105,48,260.68,near
106,48,294.21,far
107,48,294.27,far
108,48,292.65,far
109,48,292.65,far
110,48,293.25,far
111,48,293.22,far
112,48,269.64,near
113,48,269.65,near
114,48,257.75,near
115,48,257.76,near
116,48,268.50,near
117,48,268.51,near
118,48,258.63,near
119,48,258.64,near
120,48,278.18,near
121,48,278.19,near
122,48,266.73,near
123,48,266.74,near
124,48,294.27,far
125,48,294.26,far
126,48,310.38,far
127,48,310.43,far
128,48,290.14,far
129,48,290.12,far
130,48,305.41,far
131,48,305.40,far
0,56,277.91,near
1,56,277.96,near
2,56,274.10,near
3,56,274.09,near
4,56,278.99,near
5,56,278.97,near
6,56,279.55,near
7,56,279.57,near
8,56,301.60,far
9,56,301.61,far
10,56,296.94,far
11,56,296.96,far
12,56,301.57,far
13,56,301.55,far
14,56,296.96,far
15,56,296.98,far
16,56,264.76,near
17,56,264.78,near
18,56,263.94,near
19,56,263.93,near
20,56,268.83,near
21,56,268.86,near
22,56,269.44,near
23,56,269.42,near
24,56,309.10,far
25,56,309.14,far
26,56,303.36,far
27,56,303.34,far
28,56,307.98,far
29,56,307.97,far
30,56,304.49,far
31,56,304.55,far
32,56,263.92,near
33,56,263.91,near
34,56,258.06,near
35,56,258.15,near
36,56,263.02,near
37,56,262.99,near
38,56,263.59,near
39,56,263.60,near
40,56,315.74,far
41,56,315.75,far
42,56,308.79,far
43,56,308.78,far
44,56,318.40,far
45,56,318.43,far
46,56,316.13,far
47,56,316.11,far
48,56,271.91,near
49,56,271.94,near
50,56,269.07,near
51,56,269.12,near
52,56,273.99,near
53,56,273.96,near
54,56,274.57,near
55,56,274.55,near
56,56,296.63,far
57,56,296.60,far
58,56,291.97,far
59,56,292.00,far
60,56,296.62,far
61,56,296.63,far
62,56,291.98,far
63,56,291.98,far
64,56,259.01,near
65,56,258.98,near
66,56,263.85,near
67,56,263.84,near
68,56,264.44,near
69,56,264.44,near
70,56,304.15,far
71,56,304.16,far
72,56,298.37,far
73,56,298.39,far
74,56,302.97,far
75,56,302.99,far
76,56,299.53,far
77,56,299.54,far
78,56,252.14,near
79,56,252.16,near
80,56,257.00,near
81,56,257.01,near
82,56,257.60,near
83,56,257.59,near
84,56,309.79,far
85,56,309.79,far
86,56,302.82,far
87,56,302.81,far
88,56,313.46,far
89,56,313.46,far
90,56,311.14,far
91,56,311.13,far
92,56,264.12,near
93,56,264.10,near
94,56,268.98,near
95,56,268.99,near
96,56,269.56,near
97,56,269.58,near
98,56,291.61,far
99,56,291.62,far
100,56,286.98,far
101,56,286.95,far
102,56,291.62,far
103,56,291.63,far
104,56,287.00,far
105,56,287.01,far
106,56,254.00,near
107,56,253.95,near
108,56,258.83,near
109,56,258.85,near
110,56,259.42,near
111,56,259.42,near
112,56,299.12,far
113,56,299.13,far
114,56,293.32,far
115,56,293.30,far
116,56,297.98,far
117,56,298.00,far
118,56,294.55,far
119,56,294.53,far
120,56,307.43,far
121,56,307.43,far
122,56,305.11,far
123,56,305.14,far
124,56,254.80,near
125,56,254.76,near
126,56,258.93,near
127,56,258.95,near
128,56,266.94,near
129,56,266.95,near
130,56,253.95,near
131,56,253.96,near
